{
  "name": "TReK 40Plus SYMMETRIA",
  "vendorId": "0x1209",
  "productId": "0x516B",
  "matrix": { "rows": 8, "cols": 7 },
  "layouts": {
    "keymap": [
      [ { "rx": 8.6, "x": -8.1 }, "0,0", { "x": 14 }, "4,6" ],
      [ { "x": -8.1, "w": 1.25 }, "1,0", { "x": 13.5, "w": 1.25 }, "5,6" ],
      [ { "y": -0.6, "x": -0.6449999999999996, "w": 1.1, "h": 1.1 }, "3,6\n\n\n\n\n\n\n\n\ne2" ],
      [ { "y": -0.3999, "x": -8.1, "w": 1.75 }, "2,0", { "x": 12.5, "w": 1.75 }, "6,6" ],
      [ { "y": 0.5, "x": -7.85, "w": 1.5, "h": 1.5 }, "3,0\n\n\n\n\n\n\n\n\ne0", { "x": 12.5, "w": 1.5, "h": 1.5 }, "7,6\n\n\n\n\n\n\n\n\ne1" ],
      [ { "y": -0.7998, "x": -3.0996, "w": 1.75 }, "3,4", { "x": 2.49, "w": 1.75 }, "7,2" ],
      [ { "r": 2, "y": -4.45, "x": -7.07 }, "0,1" ],
      [ { "x": -6.77 }, "1,1" ],
      [ { "y": 0.029805, "x": -6.24 }, "2,1" ],
      [ { "r": 4, "y": -2.83, "x": -6.03 }, "0,2" ],
      [ { "y": -0.81, "x": -1.9698 }, "0,6" ],
      [ { "y": -0.17994, "x": -5.68 }, "1,2" ],
      [ { "y": -0.76, "x": -1.56 }, "1,6" ],
      [ { "y": -0.2, "x": -5.14 }, "2,2" ],
      [ { "y": -0.7198, "x": -1.0899 }, "2,6" ],
      [ { "y": -0.2998, "x": 3.209, "w": 1.25 }, "7,3" ],
      [ { "r": 6, "y": -3.83, "x": -4.97 }, "0,3" ],
      [ { "y": -0.95, "x": -2.95 }, "0,5" ],
      [ { "y": -0.04, "x": -4.58 }, "1,3" ],
      [ { "y": -0.93, "x": -2.5294 }, "1,5" ],
      [ { "y": -0.029805, "x": -4.02 }, "2,3" ],
      [ { "y": -0.8999, "x": -2 }, "2,5" ],
      [ { "y": -0.48, "x": 4.61, "w": 1.25 }, "7,4" ],
      [ { "r": 8, "y": -3.52, "x": -3.92 }, "0,4" ],
      [ { "y": 0.02, "x": -3.48 }, "1,4" ],
      [ { "y": 0.029805, "x": -2.9 }, "2,4" ],
      [ { "r": -8, "y": -3.05, "x": 2.72 }, "4,2" ],
      [ { "y": 0.02, "x": 2.299 }, "5,2" ],
      [ { "y": 0.029805, "x": 1.6895 }, "6,2" ],
      [ { "r": -6, "y": -3.2, "x": 3.76 }, "4,3" ],
      [ { "y": -0.95, "x": 1.73 }, "4,1" ],
      [ { "y": -0.04, "x": 3.4 }, "5,3" ],
      [ { "y": -0.93, "x": 1.33 }, "5,1" ],
      [ { "y": -0.029805, "x": 2.83 }, "6,3" ],
      [ { "y": -0.8999, "x": 0.7794 }, "6,1" ],
      [ { "y": -0.48, "x": -6.08, "w": 1.25 }, "3,2" ],
      [ { "r": -4, "y": -3.87, "x": 4.82 }, "4,4" ],
      [ { "y": -0.81, "x": 0.75 }, "4,0" ],
      [ { "y": -0.17994, "x": 4.49 }, "5,4" ],
      [ { "y": -0.76, "x": 0.3692 }, "5,0" ],
      [ { "y": -0.2, "x": 3.959 }, "6,4" ],
      [ { "y": -0.7198, "x": -0.13 }, "6,0" ],
      [ { "y": -0.2998, "x": -4.67, "w": 1.25 }, "3,3" ],
      [ { "r": -2, "y": -4.23, "x": 5.86 }, "4,5" ],
      [ { "x": 5.58 }, "5,5" ],
      [ { "y": 0.029805, "x": 5.049 }, "6,5" ]
    ]
  }
}

