{
  "name": "TReK 40Plus SYMMETRIA",
  "vendorId": "0x1209",
  "productId": "0x516B",
  "lighting": "qmk_rgblight",
  "matrix": { "rows": 10, "cols": 7 },
  "layouts": {
    "keymap": [
      [ { "rx": 8.6, "x": -8.1, "c": "#ee6d00" }, "0,0", { "x": 14, "c": "#7b7871", "t": "#ababab" }, "5,6" ],
      [ { "y": -0.5, "x": -0.5996, "c": "#cccccc", "t": "#000000", "h": 0.5 }, "4,4" ],
      [ { "y": -0.5, "x": -8.1, "c": "#7b7871", "t": "#ababab", "w": 1.25 }, "1,0", { "x": 6.25, "c": "#bbbbbb", "t": "#000000" }, "3,6", { "x": 6.25, "c": "#7b7871", "t": "#ababab", "w": 1.25 }, "6,6" ],
      [ { "x": -8.1, "w": 1.75 }, "2,0", { "x": 5.75, "c": "#cccccc", "t": "#000000", "h": 0.5 }, "4,5", { "x": 5.75, "c": "#7b7871", "t": "#ababab", "w": 1.75 }, "7,6" ],
      [ { "y": 0.5, "x": -7.85, "c": "#bbbbbb", "t": "#000000", "w": 1.25, "h": 1.25 }, "3,0", { "x": 13, "w": 1.25, "h": 1.25 }, "8,6" ],
      [ { "y": -0.7998, "x": -8.35, "c": "#cccccc", "w": 0.5 }, "4,0", { "x": 1.25, "w": 0.5 }, "4,1", { "x": 3, "c": "#7b7871", "t": "#ababab", "w": 1.75 }, "3,4", { "x": 2.49, "w": 1.75 }, "8,2", { "x": 3.01, "c": "#cccccc", "t": "#000000", "w": 0.5 }, "4,2", { "x": 1.25, "w": 0.5 }, "4,3" ],
      [ { "r": 2, "y": -4.45, "x": -7.069, "c": "#c8c1b1" }, "0,1" ],
      [ { "x": -6.77 }, "1,1" ],
      [ { "y": 0.029805, "x": -6.24 }, "2,1" ],
      [ { "r": 4, "y": -2.8296, "x": -6.029 }, "0,2" ],
      [ { "y": -0.81, "x": -1.9698, "c": "#7b7871", "t": "#ababab" }, "0,6" ],
      [ { "y": -0.18, "x": -5.68, "c": "#c8c1b1", "t": "#000000" }, "1,2" ],
      [ { "y": -0.76, "x": -1.5596, "c": "#7b7871", "t": "#ababab" }, "1,6" ],
      [ { "y": -0.2, "x": -5.14, "c": "#c8c1b1", "t": "#000000" }, "2,2" ],
      [ { "y": -0.72, "x": -1.0899, "c": "#7b7871", "t": "#ababab" }, "2,6" ],
      [ { "y": -0.2998, "x": 3.21, "w": 1.25 }, "8,3" ],
      [ { "r": 6, "y": -3.83, "x": -4.97, "c": "#c8c1b1", "t": "#000000" }, "0,3" ],
      [ { "y": -0.95, "x": -2.9493 }, "0,5" ],
      [ { "y": -0.04, "x": -4.58 }, "1,3" ],
      [ { "y": -0.93, "x": -2.5294 }, "1,5" ],
      [ { "y": -0.029805, "x": -4.02 }, "2,3" ],
      [ { "y": -0.9, "x": -2 }, "2,5" ],
      [ { "y": -0.48, "x": 4.61, "c": "#7b7871", "t": "#ababab", "w": 1.25 }, "8,4" ],
      [ { "r": 8, "y": -3.52, "x": -3.92, "c": "#c8c1b1", "t": "#000000" }, "0,4" ],
      [ { "y": 0.02, "x": -3.4795 }, "1,4" ],
      [ { "y": 0.029805, "x": -2.8995 }, "2,4" ],
      [ { "r": -8, "y": -3.05, "x": 2.72 }, "5,2" ],
      [ { "y": 0.019796, "x": 2.3 }, "6,2" ],
      [ { "y": 0.029805, "x": 1.6895 }, "7,2" ],
      [ { "r": -6, "y": -3.2, "x": 3.76 }, "5,3" ],
      [ { "y": -0.95, "x": 1.73 }, "5,1" ],
      [ { "y": -0.04, "x": 3.4 }, "6,3" ],
      [ { "y": -0.93, "x": 1.33 }, "6,1" ],
      [ { "y": -0.029805, "x": 2.83 }, "7,3" ],
      [ { "y": -0.9, "x": 0.78 }, "7,1" ],
      [ { "y": -0.48, "x": -6.08, "c": "#7b7871", "t": "#ababab", "w": 1.25 }, "3,2" ],
      [ { "r": -4, "y": -3.87, "x": 4.82, "c": "#c8c1b1", "t": "#000000" }, "5,4" ],
      [ { "y": -0.81, "x": 0.75, "c": "#7b7871", "t": "#ababab" }, "5,0" ],
      [ { "y": -0.18, "x": 4.49, "c": "#c8c1b1", "t": "#000000" }, "6,4" ],
      [ { "y": -0.76, "x": 0.37, "c": "#7b7871", "t": "#ababab" }, "6,0" ],
      [ { "y": -0.2, "x": 3.96, "c": "#c8c1b1", "t": "#000000" }, "7,4" ],
      [ { "y": -0.72, "x": -0.129, "c": "#7b7871", "t": "#ababab" }, "7,0" ],
      [ { "y": -0.2998, "x": -4.67, "w": 1.25 }, "3,3" ],
      [ { "r": -2, "y": -4.23, "x": 5.86, "c": "#c8c1b1", "t": "#000000" }, "5,5" ],
      [ { "x": 5.58 }, "6,5" ],
      [ { "y": 0.029805, "x": 5.05 }, "7,5" ]
    ]
  }
}

